"Status","Start Time","Stop Time","Duration in ms","Parent Suite","Suite","Sub Suite","Test Class","Test Method","Name","Description"
"passed","Mon Apr 29 18:51:53 PKT 2019","Mon Apr 29 18:52:16 PKT 2019","23027","","EPQPortal","","Open Submitted Project","","Open Submitted Project",""
"passed","Mon Apr 29 18:50:35 PKT 2019","Mon Apr 29 18:51:21 PKT 2019","46092","","EPQPortal","","Update Vendor Under Taken","","Update Vendor Under Taken",""
"passed","Mon Apr 29 18:42:42 PKT 2019","Mon Apr 29 18:43:57 PKT 2019","75346","","EPQPortal","","Update Experience Information","","Update Experience Information",""
"passed","Mon Apr 29 14:49:49 PKT 2019","Mon Apr 29 14:52:27 PKT 2019","158173","","EPQPortal","","Update User Profile","","Update User Profile",""
"passed","Mon Apr 29 18:43:57 PKT 2019","Mon Apr 29 18:46:36 PKT 2019","158884","","EPQPortal","","Update Personal Information","","Update Personal Information",""
"passed","Mon Apr 29 18:46:36 PKT 2019","Mon Apr 29 18:48:02 PKT 2019","85686","","EPQPortal","","Update HSE Information","","Update HSE Information",""
"passed","Mon Apr 29 18:48:02 PKT 2019","Mon Apr 29 18:49:17 PKT 2019","74989","","EPQPortal","","Update Green Economy Information","","Update Green Economy Information",""
"passed","Mon Apr 29 18:51:21 PKT 2019","Mon Apr 29 18:51:53 PKT 2019","31677","","EPQPortal","","Add Scope Project","","Add Scope Project",""
"passed","Mon Apr 29 15:58:07 PKT 2019","Mon Apr 29 15:59:22 PKT 2019","75110","","EPQPortal","","Update Company Structure","","Update Company Structure",""
"passed","Mon Apr 29 18:41:30 PKT 2019","Mon Apr 29 18:42:42 PKT 2019","71570","","EPQPortal","","Update Financial Information with Bank","","Update Financial Information with Bank",""
